CASH_RECP_SG_AND_RS,RECP_TAX_RENDS,OTHER_CASH_RECP_RAL_OPER_ACT,NET_INCR_INSURED_DEP,NET_INCR_DEP_COB,NET_INCR_LOANS_CENTRAL_BANK,NET_INCR_FUND_BORR_OFI,NET_INCR_INT_HANDLING_CHRG,CASH_RECP_PREM_ORIG_INCO,NET_CASH_RECEIVED_REINSU_BUS,NET_INCR_DISP_TFA,NET_INCR_DISP_FIN_ASSETS_AVAIL,NET_INCR_LOANS_OTHER_BANK,NET_DECR_LOANS_OTHER_BANK,NET_INCR_REPURCH_BUS_FUND,NET_CASH_FROM_SEURITIES,CASH_INFLOWS_OPER_ACT_GAP,CASH_INFLOWS_OPER_ACT_GAP_DETAIL,CASH_INFLOWS_OPER_ACT_NETTING,STOT_CASH_INFLOWS_OPER_ACT,NET_INCR_LENDING_FUND,NET_FINA_INSTRUMENTS_MEASURED_AT_FMV,CASH_PAY_GOODS_PURCH_SERV_REC,CASH_PAY_BEH_EMPL,PAY_ALL_TYP_TAX,OTHER_CASH_PAY_RAL_OPER_ACT,NET_INCR_CLIENTS_LOAN_ADV,NET_INCR_DEP_CBOB,CASH_PAY_CLAIMS_ORIG_INCO,HANDLING_CHRG_PAID,COMM_INSUR_PLCY_PAID,CASH_OUTFLOWS_OPER_ACT_GAP,CASH_OUTFLOWS_OPER_ACT_GAP_DETAIL,CASH_OUTFLOWS_OPER_ACT_NETTING,CF_OPER_ACT_NETTING,STOT_CASH_OUTFLOWS_OPER_ACT,NET_CASH_FLOWS_OPER_ACT,CASH_RECP_DISP_WITHDRWL_INVEST,CASH_RECP_RETURN_INVEST,NET_CASH_RECP_DISP_FIOLTA,NET_CASH_RECP_DISP_SOBU,OTHER_CASH_RECP_RAL_INV_ACT,CASH_INFLOWS_INV_ACT_GAP,CASH_INFLOWS_INV_ACT_GAP_DETAIL,CASH_INFLOWS_INV_ACT_NETTING,STOT_CASH_INFLOWS_INV_ACT,CASH_PAY_ACQ_CONST_FIOLTA,CASH_PAID_INVEST,NET_INCR_PLEDGE_LOAN,NET_CASH_PAY_AQUIS_SOBU,OTHER_CASH_PAY_RAL_INV_ACT,CASH_OUTFLOWS_INV_ACT_GAP,CASH_OUTFLOWS_INV_ACT_GAP_DETAIL,CASH_OUTFLOWS_INV_ACT_NETTING,STOT_CASH_OUTFLOWS_INV_ACT,CF_INV_ACT_NETTING,NET_CASH_FLOWS_INV_ACT,CASH_RECP_CAP_CONTRIB,CASH_REC_SAIMS,CASH_RECP_BORROW,OTHER_CASH_RECP_RAL_FNC_ACT,PROC_ISSUE_BONDS,CASH_INFLOWS_FNC_ACT_GAP,CASH_INFLOWS_FNC_ACT_GAP_DETAIL,CASH_INFLOWS_FNC_ACT_NETTING,STOT_CASH_INFLOWS_FNC_ACT,CASH_PREPAY_AMT_BORR,CASH_PAY_DIST_DPCP_INT_EXP,DVD_PROFIT_PAID_SC_MS,OTHER_CASH_PAY_RAL_FNC_ACT,CASH_OUTFLOWS_FNC_ACT_GAP,CASH_OUTFLOWS_FNC_ACT_GAP_DETAIL,CASH_OUTFLOWS_FNC_ACT_NETTING,STOT_CASH_OUTFLOWS_FNC_ACT,CF_FNC_ACT_NETTING,NET_CASH_FLOWS_FNC_ACT,EFF_FX_FLU_CASH,NET_INCR_CASH_CASH_EQU_GAP,NET_INCR_CASH_CASH_EQU_GAP_DETAIL,NET_INCR_CASH_CASH_EQU_NETTING,NET_INCR_CASH_CASH_EQU_DM,CASH_CASH_EQU_BEG_PERIOD,CASH_CASH_EQU_END_PERIOD,NET_PROFIT_CS,PROV_DEPR_ASSETS,CREDIT_IMPAIR_LOSS2,DEPR_FA_COGA_DPBA,AMORT_INTANG_ASSETS,DEPRE_PROP_RIGHT_USE,AMORT_LT_DEFERRED_EXP,DECR_DEFERRED_EXP,INCR_ACC_EXP,LOSS_DISP_FIOLTA,LOSS_SCR_FA,LOSS_FV_CHG,FIN_EXP_CS,INVEST_LOSS,DECR_DEFERRED_INC_TAX_ASSETS,DECR_INVENTORIES,INCR_DEFERRED_INC_TAX_LIAB,DECR_OPER_PAYABLE,INCR_OPER_PAYABLE,UNCONFIRMED_INVEST_LOSS_CS,OTHERS,IM_NET_CASH_FLOWS_OPER_ACT_GAP,IM_NET_CASH_FLOWS_OPER_ACT_GAP_DETAIL,IM_NET_CASH_FLOWS_OPER_ACT_NETTING,IM_NET_CASH_FLOWS_OPER_ACT,CONV_DEBT_INTO_CAP,CONV_CORP_BONDS_DUE_WITHIN_1Y,FA_FNC_LEASES,END_BAL_CASH,BEG_BAL_CASH,END_BAL_CASH_EQU,BEG_BAL_CASH_EQU,Stock_Code
,,24969000000.0,,142603000000.0,16665000000.0,,251564000000.0,,,,,,70824000000.0,,,93234000000.0,"为交易目的而持有的金融资产净减少额 44363000000
存放中央银行和同业款项净减少额 4198000000
卖出回购金融资产款净增加额 44673000000",,529035000000.0,,,,22346000000.0,32000000000.0,64972000000.0,163664000000.0,,,81298000000.0,,1470000000.0,买入返售金融资产净增加额 1470000000,,,436574000000.0,92461000000.0,402105000000.0,38401000000.0,219000000.0,,,,,,440725000000.0,3096000000.0,463771000000.0,,,,,,,466867000000.0,,-26142000000.0,,,,,,933416000000.0,发行债务证券及其他权益工具收到的现金 933416000000,,933416000000.0,908807000000.0,13773000000.0,,,2747000000.0,偿还租赁负债支付的现金 2747000000,,925327000000.0,,8089000000.0,1485000000.0,,,,75893000000.0,222326000000.0,298219000000.0,46455000000.0,77000000.0,59017000000.0,1897000000.0,789000000.0,2491000000.0,746000000.0,,,-7000000.0,,-4051000000.0,,,-1536000000.0,,,-177434000000.0,190778000000.0,,,-26761000000.0,"外汇衍生金融工具公允价值变动损益 -6678000000
预计诉讼损失的计提 64000000
租赁负债的利息费用 200000000
投资利息收入及投资收益 -37302000000
已发行债务证券利息支出 17038000000
已发生减值的金融资产产生的利息收入 -83000000",,92461000000.0,,,,3687000000.0,4162000000.0,294532000000.0,218164000000.0,000001.SZ
296649108624.0,,24479561917.45,,,,,,,,,,,,,,,,,321128670541.45,,,229696864065.26,19474682644.87,49668323588.4,18376476322.81,,,,,,,,,,317216346621.34,3912323920.11,5692277648.1,4877366503.85,345251579.23,1220611929.05,3137552915.1,,,,15273060575.33,8334153045.1,8527928363.71,,2406352390.38,620268882.45,,,,19888702681.64,,-4615642106.31,11867927076.75,8403741471.58,81811112662.28,,9936600000.0,,,,103615639739.03,88395575245.69,34273872911.57,12142953339.42,2616227698.04,15143128135.73,归还投资支付的现金：15143128135.73,,140428803991.03,,-36813164252.0,34389574.21,,,,-37482092863.99,134424670312.49,96942577448.5,20455558414.74,3489952432.37,377876840.32,4093266561.62,948091672.82,2317249855.1,1722186653.14,,,-10858912.42,,-340112531.44,3714825488.38,-2687829831.36,-3211954820.82,234157963122.82,-38045304.41,23883033990.11,-284958879710.86,,,,,,3912323920.11,,,,96942577448.5,134424670312.49,,,000002.SZ
175366519.28,228305.72,8728680.13,,,,,,,,,,,,,,,,,184323505.13,,,105254207.49,74875944.51,5612843.75,34631419.67,,,,,,,,,,220374415.42,-36050910.29,,748071.67,,,120000000.0,,,,120748071.67,336453.43,5004.0,,,120000000.0,,,,120341457.43,,406614.24,1410000.0,1410000.0,,467.72,,,,,1410467.72,,,,3690348.99,,,,3690348.99,,-2279881.27,,,,,-37924177.32,127824948.66,89900771.34,-160126339.18,105792085.86,,929853.93,10708175.22,4739163.53,,,,,,,713731.03,-501721.46,-16395226.22,-9292.04,-534798.19,40215811.41,-21582354.18,,,,,,-36050910.29,,,,89900771.34,127824948.66,,,000004.SZ
243069963.29,,97869484.73,,,,,,,,,,,,,,,,,340939448.02,,,189648687.76,56493569.11,5754697.78,111577821.82,,,,,,,,,,363474776.47,-22535328.45,,,16000.0,,19805600.0,,,,19821600.0,16975007.99,1.0,,,7962500.0,,,,24937508.99,,-5115908.99,,,100200000.0,2575841.64,,,,,102775841.64,103950000.0,7161992.58,,2850901.7,,,,113962894.28,,-11187052.64,21236.54,,,,-38817053.54,65425929.4,26608875.86,-205778941.22,12141706.15,157153319.21,5687778.25,4446307.95,8899875.28,3183549.2,,,15462.65,5744.3,,7833514.6,-24451017.35,-7930013.06,168608.06,-228258.63,20137594.18,-2157864.57,,-1662693.45,,,,-22535328.45,,,,26608875.86,65425929.4,,,000005.SZ
3712800565.91,14708329.88,424737885.25,,,,,,,,,,,,,,,,,4152246781.04,,,2794428197.64,164426542.79,626005558.11,494623310.95,,,,,,,,,,4079483609.49,72763171.55,1151753583.43,,2100.0,,,,,,1151755683.43,18099100.84,948000000.0,,,,,,,966099100.84,,185656582.59,1050000.0,1050000.0,1752324574.39,2280000.0,1499000000.0,,,,3254654574.39,3884421144.13,430756978.87,4526.86,108659748.98,,,,4423837871.98,,-1169183297.59,,,,,-910763543.45,4476995296.15,3566231752.7,-901718379.92,842468310.61,10118150.25,42085583.27,,25109476.82,8183521.58,,,-45751.51,18910.85,498630.14,245274515.26,-32184104.59,140085280.48,-829620285.0,-734823.23,-385411446.12,908635582.66,,,,,,72763171.55,,,,3566231752.7,4476995296.15,,,000006.SZ
240288680.17,9872167.8,57970507.86,,,,,,,,,,,,,,,,,308131355.83,,,33437727.65,21496619.03,5587420.26,57001936.07,,,,,,,,,,117523703.01,190607652.82,1017993.06,214825.0,1348600.0,,,,,,2581418.06,392255.71,9000000.0,,,,,,,9392255.71,,-6810837.65,,,8824067.1,,,,,,8824067.1,158207860.91,629173.81,,4062600.0,,,,162899634.72,,-154075567.62,-251599.42,,,,29469648.13,163594201.14,193063849.27,36496692.89,,,5062845.57,20300.04,3794616.04,1042404.84,,,-427732.64,587.61,-327723.06,1494157.11,-12833686.06,-1935818.41,3120838.67,-4289544.77,8730754.2,165810543.75,,-15151582.96,,,,190607652.82,,,,193063849.27,163594201.14,,,000007.SZ
2374177538.9,34699806.97,174349835.24,,,,,,,,,,,,,,,,,2583227181.11,,,1403843449.07,554262974.35,182000806.88,412050791.57,,,,,,,,,,2552158021.87,31069159.24,548977295.22,64999765.16,18227.76,,,,,,613995288.14,160903723.47,450000000.0,,,,,,,610903723.47,,3091564.67,,,3782218828.6,367466235.87,,,,,4149685064.47,4128595690.88,161466612.99,,46962272.47,,,,4337024576.34,,-187339511.87,-1298422.86,,,,-154477210.82,501818588.97,347341378.15,-824475261.49,583074124.64,,47959081.85,69760600.73,35175943.84,8127320.75,,,2415290.07,2713.93,0.0,164883317.23,-80024263.4,-59441100.3,220695929.95,32876173.45,-429015807.89,259055095.88,,0.0,,,,31069159.24,,,,347341378.15,501818588.97,,,000008.SZ
27805904982.51,462536400.34,922609572.22,,,,,9896591.66,,,,,,,,,80049678.85,客户贷款及垫款净回收额:80049678.85,,29280997225.58,,,17780264401.31,2780874650.65,1602872056.29,1153933520.04,,,,1382316.24,,,,,,23319326944.53,5961670281.05,5358579906.23,39853430.71,67136527.05,,1000000.0,,,,5466569863.99,2889402165.2,5101811687.16,,49764337.21,32721142.73,,,,8073699332.3,,-2607129468.31,866610032.55,868110032.55,9721744348.64,,,,,,10588354381.19,11477200558.28,1094009282.07,258768746.78,567454697.08,,,,13138664537.43,,-2550310156.24,-1967315.48,,,,802263341.02,7851833358.57,8654096699.59,1680950806.12,342823551.47,-52041477.47,853473130.09,78205789.98,148506039.72,82683252.21,,,5075366.01,995740.6,282849150.09,638082936.02,-191479041.9,-81281848.25,1504589158.35,73348491.72,4074413128.04,-3563324019.67,,83800127.92,,,,5961670281.05,,,,8649565599.59,7797428511.07,4531100.0,54404847.5,000009.SZ
254069216.83,60392.38,27769570.51,,,,,,,,,,,,,,,,,281899179.72,,,360432169.07,46695136.05,3260779.88,41621917.62,,,,,,,,,,452010002.62,-170110822.9,,,16620.0,,100000000.0,,,,100016620.0,,,,1389877.88,,,,,1389877.88,,98626742.12,141349600.0,,144000000.0,129872102.64,,,,,415221702.64,250398000.0,22372017.49,,55063939.8,,,,327833957.29,,87387745.35,,,,,15903664.57,7142751.12,23046415.69,-677337943.41,496650843.4,,5218134.0,112072.56,3406925.89,1271297.17,,,-453935.12,1710.9,,103797348.08,-1.0,848650.26,-6938933.55,-390558.5,-108786685.05,12490251.47,,,,,,-170110822.9,,,,23046415.69,7142751.12,,,000010.SZ
3136072105.49,17871338.77,355263031.7,,,,,,,,,,,,,,,,,3509206475.96,,,2249429282.59,971486269.04,280607594.18,271776314.48,,,,,,,,,,3773299460.29,-264092984.33,,63120.0,92191.39,634578885.34,,,,,634734196.73,7641999.39,0.0,,0.0,,,,,7641999.39,,627092197.34,0.0,0.0,1084580254.47,400000000.0,,,,,1484580254.47,194193324.0,402974331.3,245000.0,27083856.33,,,,624251511.63,,860328742.84,117321.79,,,,1223445277.64,1509693857.48,2733139135.12,449858861.48,232018575.9,,55281119.81,379581.77,18139758.01,7726470.46,,,-833369.19,126337.79,,55167431.27,-705759652.36,131110960.37,-485801483.89,-17117024.4,-69297620.74,64907069.39,,,,,,-264092984.33,,,,2733139135.12,1509693857.48,,,000011.SZ
17664274473.0,146125965.0,371209058.0,,,,,,,,,,,,,,,,,18181609496.0,,,11847326949.0,2149446117.0,1011240407.0,413807129.0,,,,,,,,,,15421820602.0,2759788894.0,20000000.0,1523720.0,7858834.0,,25521326.0,,,,54903880.0,4267442530.0,40000000.0,,696000.0,,,,,4308138530.0,,-4253234650.0,68000000.0,68000000.0,3822491900.0,12000000.0,,,,,3902491900.0,3098923013.0,813083281.0,,46558715.0,,,,3958565009.0,,-56073109.0,6762269.0,,,,-1542756596.0,4594018251.0,3051261655.0,1546435130.0,346737457.0,21486353.0,1130723018.0,116953499.0,1287801.0,4986063.0,,,9628136.0,,,228159638.0,-8015482.0,-61535282.0,193552763.0,-17178931.0,-1760462941.0,996953703.0,,10077969.0,,,,2759788894.0,,,,3051261655.0,4594018251.0,,,000012.SZ
1029117177.6,2057102.66,38948486.52,,,,,,,,,,,,,,,,,1070122766.78,,,169208657.36,54369913.76,314181333.99,52450847.54,,,,,,,,,,590210752.65,479912014.13,,,4169.2,,,,,,4169.2,12735494.34,,,,,,,,12735494.34,,-12731325.14,,,,,,,,,,228000000.0,35648416.81,,237087684.38,,,,500736101.19,,-500736101.19,88.71,,,,-33555323.49,599505558.67,565950235.18,524388252.95,10335087.08,-4674839.6,6908561.97,,4669662.0,1714302.4,,,,59127.05,,1296552.81,,-3391118.4,338161489.34,-11092366.15,118530190.76,-506992888.08,,,,,,479912014.13,,,,565950235.18,599505558.67,,,000014.SZ
17378235561.44,233820738.77,1091889678.99,,,,,,,,,,,,,,,,,18703945979.2,,,14643693951.06,1734831096.85,466335778.71,1305983874.68,,,,,,,,,,18150844701.3,553101277.9,1463288277.0,140970812.05,27438051.1,165963074.98,683929746.03,,,,2481589961.16,1476559951.04,7200000.0,,,529573236.98,,,,2013333188.02,,468256773.14,1978378.97,1978378.97,10950030506.74,738205183.98,,,,,11690214069.69,10672675811.7,812403661.3,735000.0,1036318624.4,,,,12521398097.4,,-831184027.71,22698315.32,,,,212872338.65,5461912010.9,5674784349.55,-2635886661.34,560592965.39,456603000.84,450848329.23,47675317.23,42868891.4,127376763.41,,,-54321.2,65989435.9,97937910.89,723081917.4,-675405221.53,-229384248.41,772941542.37,89598866.96,879334900.88,-171981975.37,,-49036136.15,,,,553101277.9,,,,5674784349.55,5461912010.9,,,000016.SZ
693290103.64,,7045188.89,,,,,,,,,,,,,,,,,700335292.53,,,632792810.92,7436185.68,10892486.15,19240979.16,,,,,,,,,,670362461.91,29972830.62,,,,,,,,,,191819.97,,,,,,,,191819.97,,-191819.97,,,,,,,,,,,,,26555205.6,,,,26555205.6,,-26555205.6,,,,,3225805.05,50922869.35,54148674.4,18005552.87,3052781.9,,180877.95,,921812.53,,,,,12298.94,,55573.42,,-4790194.89,-34026095.92,,80289900.17,-33729676.35,,,,,,29972830.62,,,,54148674.4,50922869.35,,,000017.SZ
6417740069.92,3183211.56,284184297.42,,,,,,,,,,,,,,,,,6705107578.9,,,5308048692.21,375960027.05,138212589.39,297069614.06,,,,,,,,,,6119290922.71,585816656.19,1558000000.0,6844163.83,3450760.15,6881320.0,726511.34,,,,1575902755.32,147621094.5,1543000000.0,,,0.0,,,,1690621094.5,,-114718339.18,490000.0,490000.0,1930787809.13,,,,,,1931277809.13,1867334898.93,324657445.1,0.0,34531394.28,,,,2226523738.31,,-295245929.18,3441629.33,,,,179294017.16,53095469.26,232389486.42,346632491.81,107508609.28,,111231937.94,34397837.54,22328053.93,8660628.62,,,-2394378.42,54677.68,-182701.67,39973327.68,-9954884.45,-15049702.87,27253849.6,2034884.0,92202173.53,-178880148.01,,,,,,585816656.19,,,,230919769.29,53095469.26,1469717.13,,000019.SZ
688287928.43,835701.3,4757015.91,,,,,,,,,,,,,,,,,693880645.64,,,482641280.3,50147680.29,24711751.1,21344648.46,,,,,,,,,,578845360.15,115035285.49,40008639.0,280665.31,3240117.7,,,,,,43529422.01,1509602.06,40000000.0,,,,,,,41509602.06,,2019819.95,,,18053704.5,3189761.06,,,,,21243465.56,67060484.0,1090919.09,,52701427.54,,,,120852830.63,,-99609365.07,27405.36,,,,17473145.73,55541593.9,73014739.63,13342311.52,-190324.98,,9347282.64,1705894.44,81487.88,974986.26,,,4955845.43,,,971874.84,-647855.39,425859.69,-2472800.96,,62051348.4,24489375.72,,,,,,115035285.49,,,,73014739.63,55541593.9,,,000020.SZ
11658479015.92,336318926.42,531211174.14,,,,,,,,,,,,,,,,,12526009116.48,,,7480441746.21,1924513829.17,621537876.38,497282981.22,,,,,,,,,,10523776432.98,2002232683.5,41977941.65,136793115.08,61886839.96,,,,,,240657896.69,1086611608.96,36200000.0,,,,,,,1122811608.96,,-882153712.27,11500000.0,11500000.0,16740124799.5,5034484370.62,,,,,21786109170.12,18840167151.56,502268052.05,16875000.0,4536007462.76,,,,23878442666.37,,-2092333496.25,26703007.32,,,,-945551517.7,2969459262.73,2023907745.03,824408847.86,231735928.78,12805109.61,572076409.05,16254075.07,14488252.93,37002156.0,,,-39739318.89,415768.83,16307800.93,229622067.66,-37918965.0,-40492380.32,773124503.22,31411395.75,-1176765277.98,307689275.39,,229807034.61,,,,2002232683.5,,,,2023907745.03,2969459262.73,,,000021.SZ
156129590.48,409149.79,61859669.94,,,,,,,,,,,,,,,,,218398410.21,,,135709018.34,44613579.95,9194576.99,43237189.65,,,,,,,,,,232754364.93,-14355954.72,,1409.72,8962.52,,281448441.67,,,,281458813.91,181178.0,4000.0,,,274001000.0,,,,274186178.0,,7272635.91,,,,326624.63,,,,,326624.63,17051338.22,5802550.38,,5871081.83,,,,28724970.43,,-28398345.8,,,,,-35481664.61,135169616.57,99687951.96,-181778015.96,65857917.35,,17263261.05,847903.18,6432127.64,5992544.2,,,14758.11,,,21833188.39,570592.95,-13440822.91,-7629967.67,7969213.23,81083672.13,-56437432.78,,37065106.37,,,,-14355954.72,,,,99687951.96,135169616.57,,,000023.SZ
1963588534.65,2622913.63,53294743.09,,,,,,,,,,,,,,,,,2019506191.37,,,1817964267.12,92874692.73,61298201.45,107509036.53,,,,,,,,,,2079646197.83,-60140006.46,628726990.4,28100805.87,9871552.72,,10712284.16,,,,677411633.15,84887465.21,717659265.39,,,8072396.24,,,,810619126.84,,-133207493.69,,,359669472.83,253420.0,,,,,359922892.83,358930058.69,31604191.6,,7224685.15,,,,397758935.44,,-37836042.61,101.09,,,,-231183441.67,391406829.36,160223387.69,111440466.92,1761281.86,,37924212.3,1178005.72,6481996.22,6447382.15,,,-59110.1,17991.92,12008283.18,9444953.16,-93873513.18,-29318423.66,-54724534.68,36817730.02,-102166911.92,-3519816.37,,,,,,-60140006.46,,,,160223387.69,391406829.36,,,000025.SZ
5025883440.0,1937203.71,68179211.21,,,,,,,,,,,,,,,,,5095999854.92,,,3155385386.12,624495756.2,296079135.93,387638088.69,,,,,,,,,,4463598366.94,632401487.98,,500000.0,1278284.57,,,,,,1778284.57,91104776.03,,,,,,,,91104776.03,,-89326491.46,,,250000000.0,,,,,,250000000.0,290000000.0,114106711.75,,198056975.77,,,,602163687.52,,-352163687.52,-20544.93,,,,190890764.07,313738389.64,504629153.71,333178102.37,-7399556.19,,41658377.46,3689183.21,103958386.94,91039489.52,,,-685868.57,,,10346099.61,5819479.6,15556840.48,82605123.05,-289924.26,34507754.85,-77781831.49,,-3800168.6,,,,632401487.98,,,,504629153.71,313738389.64,,,000026.SZ
